"Item","Value"
"Source_model","LightGBM_Reduced_Final_Model.rds"
"Model","LightGBM"
"Number_of_features","5"
"Feature_1","feeddelay"
"Feature_2","bloodtransfusion"
"Feature_3","gestationalgeweek"
"Feature_4","tbil"
"Feature_5","birthweight"
"num_leaves","7"
"learning_rate","0.05"
"min_data_in_leaf","5"
"feature_fraction","0.8"
"bagging_fraction","0.8"
"nrounds","31"
"Classification_threshold","0.4823497017"
"AUC_recalculated_from_saved_model","0.7980066445"
"AUC_95CI_lower","0.7364839218"
"AUC_95CI_upper","0.8595293672"
"AUC_in_original_final_performance_file","0.7980066445"
"Max_abs_difference_vs_original_predictions","4.996004e-16"
